{
  "scriptVersion": "5.0.0",
  "exportDate": "Sun Jul 27 2025 19:31:32 GMT+0800",
  "document": "temp.ai",
  "totalObjects": 9,
  "objects": [
    {
      "name": "frame4",
      "typename": "TextFrame",
      "layer": "label",
      "x": 592.871003023874,
      "y": 469.93735658067,
      "width": 102.318878809321,
      "height": 225.252525252525,
      "topLeft": {
        "x": 592.871003023874,
        "y": 469.93735658067
      },
      "topRight": {
        "x": 695.189881833195,
        "y": 469.93735658067
      },
      "bottomLeft": {
        "x": 592.871003023874,
        "y": 695.189881833195
      },
      "bottomRight": {
        "x": 695.189881833195,
        "y": 695.189881833195
      },
      "type": "TextFrame"
    },
    {
      "name": "frame3",
      "typename": "PathItem",
      "layer": "label",
      "x": 263.578073730945,
      "y": 468.590547527408,
      "width": 431.275076939711,
      "height": 226.262603143248,
      "topLeft": {
        "x": 263.578073730945,
        "y": 468.590547527408
      },
      "topRight": {
        "x": 694.853150670656,
        "y": 468.590547527408
      },
      "bottomLeft": {
        "x": 263.578073730945,
        "y": 694.853150670656
      },
      "bottomRight": {
        "x": 694.853150670656,
        "y": 694.853150670656
      },
      "type": "mother 1"
    },
    {
      "name": "frame3",
      "typename": "PathItem",
      "layer": "label",
      "x": 372.168432888931,
      "y": 468.590547527408,
      "width": 322.684717781725,
      "height": 226.262603143248,
      "topLeft": {
        "x": 372.168432888931,
        "y": 468.590547527408
      },
      "topRight": {
        "x": 694.853150670656,
        "y": 468.590547527408
      },
      "bottomLeft": {
        "x": 372.168432888931,
        "y": 694.853150670656
      },
      "bottomRight": {
        "x": 694.853150670656,
        "y": 694.853150670656
      },
      "type": "son 1-1"
    },
    {
      "name": "frame2",
      "typename": "PathItem",
      "layer": "label",
      "x": 531.25484140771,
      "y": 468.590555233865,
      "width": 163.598340088783,
      "height": 226.262626262627,
      "topLeft": {
        "x": 531.25484140771,
        "y": 468.590555233865
      },
      "topRight": {
        "x": 694.853181496493,
        "y": 468.590555233865
      },
      "bottomLeft": {
        "x": 531.25484140771,
        "y": 694.853181496493
      },
      "bottomRight": {
        "x": 694.853181496493,
        "y": 694.853181496493
      },
      "type": "PathItem"
    },
    {
      "name": "frame1",
      "typename": "PathItem",
      "layer": "label",
      "x": 611.05282120569,
      "y": 416.065302708615,
      "width": 136.325612816056,
      "height": 331.313131313131,
      "topLeft": {
        "x": 611.05282120569,
        "y": 416.065302708615
      },
      "topRight": {
        "x": 747.378434021745,
        "y": 416.065302708615
      },
      "bottomLeft": {
        "x": 611.05282120569,
        "y": 747.378434021745
      },
      "bottomRight": {
        "x": 747.378434021745,
        "y": 747.378434021745
      },
      "type": "PathItem"
    },
    {
      "name": "frame4",
      "typename": "TextFrame",
      "layer": "label",
      "x": 592.871003023874,
      "y": 87.7824744257859,
      "width": 279.836003345563,
      "height": 225.252525252525,
      "topLeft": {
        "x": 592.871003023874,
        "y": 87.7824744257859
      },
      "topRight": {
        "x": 872.707006369436,
        "y": 87.7824744257859
      },
      "bottomLeft": {
        "x": 592.871003023874,
        "y": 313.034999678311
      },
      "bottomRight": {
        "x": 872.707006369436,
        "y": 313.034999678311
      },
      "type": "TextFrame"
    },
    {
      "name": "frame3",
      "typename": "PathItem",
      "layer": "label",
      "x": 372.168427266296,
      "y": 86.4356730789823,
      "width": 59.4701279246874,
      "height": 226.262626262626,
      "topLeft": {
        "x": 372.168427266296,
        "y": 86.4356730789823
      },
      "topRight": {
        "x": 431.638555190983,
        "y": 86.4356730789823
      },
      "bottomLeft": {
        "x": 372.168427266296,
        "y": 312.698299341609
      },
      "bottomRight": {
        "x": 431.638555190983,
        "y": 312.698299341609
      },
      "type": "PathItem"
    },
    {
      "name": "frame2",
      "typename": "PathItem",
      "layer": "label",
      "x": 531.25484140771,
      "y": 86.4356730789823,
      "width": 218.556542066101,
      "height": 226.262626262626,
      "topLeft": {
        "x": 531.25484140771,
        "y": 86.4356730789823
      },
      "topRight": {
        "x": 749.811383473811,
        "y": 86.4356730789823
      },
      "bottomLeft": {
        "x": 531.25484140771,
        "y": 312.698299341609
      },
      "bottomRight": {
        "x": 749.811383473811,
        "y": 312.698299341609
      },
      "type": "PathItem"
    },
    {
      "name": "frame1",
      "typename": "PathItem",
      "layer": "label",
      "x": 611.05282120569,
      "y": 33.9104205537287,
      "width": 245.829269338828,
      "height": 331.313131313133,
      "topLeft": {
        "x": 611.05282120569,
        "y": 33.9104205537287
      },
      "topRight": {
        "x": 856.882090544518,
        "y": 33.9104205537287
      },
      "bottomLeft": {
        "x": 611.05282120569,
        "y": 365.223551866861
      },
      "bottomRight": {
        "x": 856.882090544518,
        "y": 365.223551866861
      },
      "type": "PathItem"
    }
  ]
}