{
  "scriptVersion": "7.0.0",
  "exportDate": "Sun Jul 27 2025 19:49:44 GMT+0800",
  "document": "temp.ai",
  "totalObjects": 9,
  "objects": [
    {
      "name": "frame4",
      "typename": "TextFrame",
      "layer": "label",
      "x": 592.871003023874,
      "y": 550.446760599631,
      "width": 102.318878809321,
      "height": 80.5094040189615,
      "topLeft": {
        "x": 592.871003023874,
        "y": 550.446760599631
      },
      "topRight": {
        "x": 695.189881833195,
        "y": 550.446760599631
      },
      "bottomLeft": {
        "x": 592.871003023874,
        "y": 469.93735658067
      },
      "bottomRight": {
        "x": 695.189881833195,
        "y": 469.93735658067
      }
    },
    {
      "name": "frame3",
      "typename": "PathItem",
      "layer": "label",
      "x": 263.578073730945,
      "y": 468.590547527408,
      "width": 431.275076939711,
      "height": 370.669039453031,
      "topLeft": {
        "x": 263.578073730945,
        "y": 468.590547527408
      },
      "topRight": {
        "x": 694.853150670656,
        "y": 468.590547527408
      },
      "bottomLeft": {
        "x": 263.578073730945,
        "y": 97.9215080743761
      },
      "bottomRight": {
        "x": 694.853150670656,
        "y": 97.9215080743761
      },
      "type": "mother 1"
    },
    {
      "name": "frame3",
      "typename": "PathItem",
      "layer": "label",
      "x": 372.168432888931,
      "y": 468.590547527408,
      "width": 322.684717781725,
      "height": 169.658953855846,
      "topLeft": {
        "x": 372.168432888931,
        "y": 468.590547527408
      },
      "topRight": {
        "x": 694.853150670656,
        "y": 468.590547527408
      },
      "bottomLeft": {
        "x": 372.168432888931,
        "y": 298.931593671561
      },
      "bottomRight": {
        "x": 694.853150670656,
        "y": 298.931593671561
      },
      "type": "son 1-1"
    },
    {
      "name": "frame2",
      "typename": "PathItem",
      "layer": "label",
      "x": 531.25484140771,
      "y": 468.590555233865,
      "width": 163.598340088783,
      "height": 50.4670269574681,
      "topLeft": {
        "x": 531.25484140771,
        "y": 468.590555233865
      },
      "topRight": {
        "x": 694.853181496493,
        "y": 468.590555233865
      },
      "bottomLeft": {
        "x": 531.25484140771,
        "y": 418.123528276397
      },
      "bottomRight": {
        "x": 694.853181496493,
        "y": 418.123528276397
      }
    },
    {
      "name": "frame1",
      "typename": "PathItem",
      "layer": "label",
      "x": 611.05282120569,
      "y": 416.065302708615,
      "width": 136.325612816056,
      "height": 390.871067361511,
      "topLeft": {
        "x": 611.05282120569,
        "y": 416.065302708615
      },
      "topRight": {
        "x": 747.378434021745,
        "y": 416.065302708615
      },
      "bottomLeft": {
        "x": 611.05282120569,
        "y": 25.194235347104
      },
      "bottomRight": {
        "x": 747.378434021745,
        "y": 25.194235347104
      }
    },
    {
      "name": "frame41",
      "typename": "TextFrame",
      "layer": "label",
      "x": 313.034999678311,
      "y": 550.446760599631,
      "width": 279.836003345563,
      "height": 462.664286173846,
      "topLeft": {
        "x": 313.034999678311,
        "y": 550.446760599631
      },
      "topRight": {
        "x": 592.871003023874,
        "y": 550.446760599631
      },
      "bottomLeft": {
        "x": 313.034999678311,
        "y": 87.7824744257859
      },
      "bottomRight": {
        "x": 592.871003023874,
        "y": 87.7824744257859
      }
    },
    {
      "name": "frame31",
      "typename": "PathItem",
      "layer": "label",
      "x": 312.698299341609,
      "y": 97.9215080743761,
      "width": 59.4701279246874,
      "height": 11.4858349953938,
      "topLeft": {
        "x": 312.698299341609,
        "y": 97.9215080743761
      },
      "topRight": {
        "x": 372.168427266296,
        "y": 97.9215080743761
      },
      "bottomLeft": {
        "x": 312.698299341609,
        "y": 86.4356730789823
      },
      "bottomRight": {
        "x": 372.168427266296,
        "y": 86.4356730789823
      },
      "type": "son 2-1"
    },
    {
      "name": "frame21",
      "typename": "PathItem",
      "layer": "label",
      "x": 312.698299341609,
      "y": 418.123528276397,
      "width": 218.556542066101,
      "height": 331.687855197415,
      "topLeft": {
        "x": 312.698299341609,
        "y": 418.123528276397
      },
      "topRight": {
        "x": 531.25484140771,
        "y": 418.123528276397
      },
      "bottomLeft": {
        "x": 312.698299341609,
        "y": 86.4356730789823
      },
      "bottomRight": {
        "x": 531.25484140771,
        "y": 86.4356730789823
      },
      "type": "mother 2"
    },
    {
      "name": "frame11",
      "typename": "PathItem",
      "layer": "label",
      "x": 365.223551866861,
      "y": 33.9104205537287,
      "width": 245.829269338828,
      "height": 8.71618520662469,
      "topLeft": {
        "x": 365.223551866861,
        "y": 33.9104205537287
      },
      "topRight": {
        "x": 611.05282120569,
        "y": 33.9104205537287
      },
      "bottomLeft": {
        "x": 365.223551866861,
        "y": 25.194235347104
      },
      "bottomRight": {
        "x": 611.05282120569,
        "y": 25.194235347104
      }
    }
  ]
}