{
  "scriptVersion": "7.0.0",
  "exportDate": "Sun Jul 27 2025 19:53:46 GMT+0800",
  "document": "temp.ai",
  "totalObjects": 9,
  "objects": [
    {
      "name": "frame4",
      "typename": "TextFrame",
      "layer": "label",
      "x": -46.8742199060634,
      "y": 478.192133650736,
      "width": 750.318878809324,
      "height": 567.490595981041,
      "topLeft": {
        "x": -46.8742199060634,
        "y": 478.192133650736
      },
      "topRight": {
        "x": 703.44465890326,
        "y": 478.192133650736
      },
      "bottomLeft": {
        "x": -46.8742199060634,
        "y": -89.2984623303055
      },
      "bottomRight": {
        "x": 703.44465890326,
        "y": -89.2984623303055
      },
      "type": "mother 1"
    },
    {
      "name": "frame3",
      "typename": "PathItem",
      "layer": "label",
      "x": -376.167149198992,
      "y": 476.845324597473,
      "width": 1079.27507693971,
      "height": 1018.66903945303,
      "topLeft": {
        "x": -376.167149198992,
        "y": 476.845324597473
      },
      "topRight": {
        "x": 703.107927740722,
        "y": 476.845324597473
      },
      "bottomLeft": {
        "x": -376.167149198992,
        "y": -541.823714855561
      },
      "bottomRight": {
        "x": 703.107927740722,
        "y": -541.823714855561
      },
      "type": "mother 2"
    },
    {
      "name": "frame3",
      "typename": "PathItem",
      "layer": "label",
      "x": -267.576790041006,
      "y": 476.845324597473,
      "width": 970.684717781728,
      "height": 817.658953855849,
      "topLeft": {
        "x": -267.576790041006,
        "y": 476.845324597473
      },
      "topRight": {
        "x": 703.107927740722,
        "y": 476.845324597473
      },
      "bottomLeft": {
        "x": -267.576790041006,
        "y": -340.813629258376
      },
      "bottomRight": {
        "x": 703.107927740722,
        "y": -340.813629258376
      },
      "type": "mother 3"
    },
    {
      "name": "frame2",
      "typename": "PathItem",
      "layer": "label",
      "x": -108.490381522227,
      "y": 476.845332303931,
      "width": 811.598340088785,
      "height": 698.467026957471,
      "topLeft": {
        "x": -108.490381522227,
        "y": 476.845332303931
      },
      "topRight": {
        "x": 703.107958566558,
        "y": 476.845332303931
      },
      "bottomLeft": {
        "x": -108.490381522227,
        "y": -221.62169465354
      },
      "bottomRight": {
        "x": 703.107958566558,
        "y": -221.62169465354
      },
      "type": "mother 4"
    },
    {
      "name": "frame1",
      "typename": "PathItem",
      "layer": "label",
      "x": -28.6924017242472,
      "y": 424.32007977868,
      "width": 784.325612816058,
      "height": 1038.87106736151,
      "topLeft": {
        "x": -28.6924017242472,
        "y": 424.32007977868
      },
      "topRight": {
        "x": 755.633211091811,
        "y": 424.32007977868
      },
      "bottomLeft": {
        "x": -28.6924017242472,
        "y": -614.550987582833
      },
      "bottomRight": {
        "x": 755.633211091811,
        "y": -614.550987582833
      },
      "type": "mother 5"
    },
    {
      "name": "frame41",
      "typename": "TextFrame",
      "layer": "label",
      "x": -46.8742199060634,
      "y": 96.0372514958517,
      "width": 368.16399665444,
      "height": 185.335713826157,
      "topLeft": {
        "x": -46.8742199060634,
        "y": 96.0372514958517
      },
      "topRight": {
        "x": 321.289776748376,
        "y": 96.0372514958517
      },
      "bottomLeft": {
        "x": -46.8742199060634,
        "y": -89.2984623303055
      },
      "bottomRight": {
        "x": 321.289776748376,
        "y": -89.2984623303055
      },
      "type": "son 4-1"
    },
    {
      "name": "frame31",
      "typename": "PathItem",
      "layer": "label",
      "x": -267.576795663641,
      "y": 94.690450149048,
      "width": 588.529872075315,
      "height": 636.514165004609,
      "topLeft": {
        "x": -267.576795663641,
        "y": 94.690450149048
      },
      "topRight": {
        "x": 320.953076411674,
        "y": 94.690450149048
      },
      "bottomLeft": {
        "x": -267.576795663641,
        "y": -541.823714855561
      },
      "bottomRight": {
        "x": 320.953076411674,
        "y": -541.823714855561
      },
      "type": "mother 6"
    },
    {
      "name": "frame21",
      "typename": "PathItem",
      "layer": "label",
      "x": -108.490381522227,
      "y": 94.690450149048,
      "width": 429.443457933901,
      "height": 316.312144802588,
      "topLeft": {
        "x": -108.490381522227,
        "y": 94.690450149048
      },
      "topRight": {
        "x": 320.953076411674,
        "y": 94.690450149048
      },
      "bottomLeft": {
        "x": -108.490381522227,
        "y": -221.62169465354
      },
      "bottomRight": {
        "x": 320.953076411674,
        "y": -221.62169465354
      },
      "type": "son 6-1"
    },
    {
      "name": "frame11",
      "typename": "PathItem",
      "layer": "label",
      "x": -28.6924017242472,
      "y": 42.1651976237945,
      "width": 402.170730661174,
      "height": 656.716185206627,
      "topLeft": {
        "x": -28.6924017242472,
        "y": 42.1651976237945
      },
      "topRight": {
        "x": 373.478328936927,
        "y": 42.1651976237945
      },
      "bottomLeft": {
        "x": -28.6924017242472,
        "y": -614.550987582833
      },
      "bottomRight": {
        "x": 373.478328936927,
        "y": -614.550987582833
      },
      "type": "son 5-1"
    }
  ]
}