{
  "scriptVersion": "6.0.0",
  "exportDate": "Mon Jul 28 2025 14:40:06 GMT+0800",
  "document": "temp.ai",
  "totalObjects": 9,
  "objects": [
    {
      "name": "frame4",
      "typename": "TextFrame",
      "layer": "label",
      "x": -143.676767676766,
      "y": 545.548821548826,
      "width": 914.478114478116,
      "height": 731.649831649834,
      "topLeft": {
        "x": -143.676767676766,
        "y": 545.548821548826
      },
      "topRight": {
        "x": 770.801346801351,
        "y": 545.548821548826
      },
      "bottomLeft": {
        "x": -143.676767676766,
        "y": -186.101010101008
      },
      "bottomRight": {
        "x": 770.801346801351,
        "y": -186.101010101008
      }
    },
    {
      "name": "frame3",
      "typename": "PathItem",
      "layer": "label",
      "x": -472.969696969694,
      "y": 544.202012495563,
      "width": 1243.43431260851,
      "height": 1182.82827512183,
      "topLeft": {
        "x": -472.969696969694,
        "y": 544.202012495563
      },
      "topRight": {
        "x": 770.464615638812,
        "y": 544.202012495563
      },
      "bottomLeft": {
        "x": -472.969696969694,
        "y": -638.626262626263
      },
      "bottomRight": {
        "x": 770.464615638812,
        "y": -638.626262626263
      },
      "type": "mother 1"
    },
    {
      "name": "frame3",
      "typename": "PathItem",
      "layer": "label",
      "x": -364.379337811709,
      "y": 544.202012495563,
      "width": 1134.84395345052,
      "height": 981.818189524642,
      "topLeft": {
        "x": -364.379337811709,
        "y": 544.202012495563
      },
      "topRight": {
        "x": 770.464615638812,
        "y": 544.202012495563
      },
      "bottomLeft": {
        "x": -364.379337811709,
        "y": -437.616177029078
      },
      "bottomRight": {
        "x": 770.464615638812,
        "y": -437.616177029078
      },
      "type": "son 1-1"
    },
    {
      "name": "frame2",
      "typename": "PathItem",
      "layer": "label",
      "x": -205.292929292929,
      "y": 544.202020202021,
      "width": 975.757575757578,
      "height": 862.626262626263,
      "topLeft": {
        "x": -205.292929292929,
        "y": 544.202020202021
      },
      "topRight": {
        "x": 770.464646464648,
        "y": 544.202020202021
      },
      "bottomLeft": {
        "x": -205.292929292929,
        "y": -318.424242424242
      },
      "bottomRight": {
        "x": 770.464646464648,
        "y": -318.424242424242
      }
    },
    {
      "name": "frame1",
      "typename": "PathItem",
      "layer": "label",
      "x": -125.49494949495,
      "y": 491.67676767677,
      "width": 948.484848484851,
      "height": 1203.03030303031,
      "topLeft": {
        "x": -125.49494949495,
        "y": 491.67676767677
      },
      "topRight": {
        "x": 822.989898989901,
        "y": 491.67676767677
      },
      "bottomLeft": {
        "x": -125.49494949495,
        "y": -711.353535353535
      },
      "bottomRight": {
        "x": 822.989898989901,
        "y": -711.353535353535
      }
    },
    {
      "name": "frame4",
      "typename": "TextFrame",
      "layer": "label",
      "x": -143.676767676766,
      "y": 163.393939393942,
      "width": 532.323232323232,
      "height": 349.49494949495,
      "topLeft": {
        "x": -143.676767676766,
        "y": 163.393939393942
      },
      "topRight": {
        "x": 388.646464646466,
        "y": 163.393939393942
      },
      "bottomLeft": {
        "x": -143.676767676766,
        "y": -186.101010101008
      },
      "bottomRight": {
        "x": 388.646464646466,
        "y": -186.101010101008
      }
    },
    {
      "name": "frame3",
      "typename": "PathItem",
      "layer": "label",
      "x": -364.379343434343,
      "y": 162.047138047138,
      "width": 752.689107744108,
      "height": 800.673400673401,
      "topLeft": {
        "x": -364.379343434343,
        "y": 162.047138047138
      },
      "topRight": {
        "x": 388.309764309764,
        "y": 162.047138047138
      },
      "bottomLeft": {
        "x": -364.379343434343,
        "y": -638.626262626263
      },
      "bottomRight": {
        "x": 388.309764309764,
        "y": -638.626262626263
      },
      "type": "mother 2"
    },
    {
      "name": "frame2",
      "typename": "PathItem",
      "layer": "label",
      "x": -205.292929292929,
      "y": 162.047138047138,
      "width": 593.602693602694,
      "height": 480.47138047138,
      "topLeft": {
        "x": -205.292929292929,
        "y": 162.047138047138
      },
      "topRight": {
        "x": 388.309764309764,
        "y": 162.047138047138
      },
      "bottomLeft": {
        "x": -205.292929292929,
        "y": -318.424242424242
      },
      "bottomRight": {
        "x": 388.309764309764,
        "y": -318.424242424242
      },
      "type": "son 2-1"
    },
    {
      "name": "frame1",
      "typename": "PathItem",
      "layer": "label",
      "x": -125.49494949495,
      "y": 109.521885521885,
      "width": 566.329966329967,
      "height": 820.87542087542,
      "topLeft": {
        "x": -125.49494949495,
        "y": 109.521885521885
      },
      "topRight": {
        "x": 440.835016835017,
        "y": 109.521885521885
      },
      "bottomLeft": {
        "x": -125.49494949495,
        "y": -711.353535353535
      },
      "bottomRight": {
        "x": 440.835016835017,
        "y": -711.353535353535
      }
    }
  ]
}